Workbook

Sheet Hallgatók
A1: Név | B1: Jelentkezés dátuma | C1: 1. hét | D1: 2. hét | E1: 3. hét | F1: 4. hét | G1: Átlag | H1: Érdemjegy | K1: Pont határ | N1: Érdemjegy
A2: Kovács Anna | B2: 46047 | C2: 48 | D2: 79 | E2: 89 | F2: 85 | G2: =AVERAGE(C2:F2) -> 75.25 | H2: =VLOOKUP(G2,$K$2:$N$6,4) -> 4 | K2: 0 | L2: - | M2: 50 | N2: 1
A3: Nagy Péter | B3: 46032 | C3: 66 | D3: 79 | E3: 43 | F3: 81 | G3: =AVERAGE(C3:F3) -> 67.25 | H3: =VLOOKUP(G3,$K$2:$N$6,4) -> 3 | K3: 51 | L3: - | M3: 60 | N3: 2
A4: Tóth Réka | B4: 46103 | C4: 96 | D4: 47 | E4: 85 | F4: 47 | G4: =AVERAGE(C4:F4) -> 68.75 | H4: =VLOOKUP(G4,$K$2:$N$6,4) -> 3 | K4: 61 | L4: - | M4: 70 | N4: 3
A5: Szabó Bence | B5: 46192 | C5: 77 | D5: 41 | E5: 51 | F5: 73 | G5: =AVERAGE(C5:F5) -> 60.5 | H5: =VLOOKUP(G5,$K$2:$N$6,4) -> 2 | K5: 71 | L5: - | M5: 80 | N5: 4
A6: Horváth Dóra | B6: 46187 | C6: 94 | D6: 53 | E6: 100 | F6: 76 | G6: =AVERAGE(C6:F6) -> 80.75 | H6: =VLOOKUP(G6,$K$2:$N$6,4) -> 4 | K6: 81 | L6: - | M6: 100 | N6: 5
A7: Varga Márk | B7: 46094 | C7: 83 | D7: 99 | E7: 72 | F7: 50 | G7: =AVERAGE(C7:F7) -> 76 | H7: =VLOOKUP(G7,$K$2:$N$6,4) -> 4
A8: Kiss Zsófia | B8: 46170 | C8: 100 | D8: 82 | E8: 52 | F8: 58 | G8: =AVERAGE(C8:F8) -> 73 | H8: =VLOOKUP(G8,$K$2:$N$6,4) -> 4
A9: Molnár Dávid | B9: 46060 | C9: 96 | D9: 79 | E9: 92 | F9: 91 | G9: =AVERAGE(C9:F9) -> 89.5 | H9: =VLOOKUP(G9,$K$2:$N$6,4) -> 5
A10: Németh Luca | B10: 46148 | C10: 61 | D10: 52 | E10: 87 | F10: 51 | G10: =AVERAGE(C10:F10) -> 62.75 | H10: =VLOOKUP(G10,$K$2:$N$6,4) -> 3
A11: Farkas Gergő | B11: 46170 | C11: 48 | D11: 40 | E11: 72 | F11: 50 | G11: =AVERAGE(C11:F11) -> 52.5 | H11: =VLOOKUP(G11,$K$2:$N$6,4) -> 2
A12: Balogh Eszter | B12: 46027 | C12: 63 | D12: 40 | E12: 87 | F12: 75 | G12: =AVERAGE(C12:F12) -> 66.25 | H12: =VLOOKUP(G12,$K$2:$N$6,4) -> 3
A13: Takács Máté | B13: 46086 | C13: 87 | D13: 71 | E13: 58 | F13: 53 | G13: =AVERAGE(C13:F13) -> 67.25 | H13: =VLOOKUP(G13,$K$2:$N$6,4) -> 3
A14: Papp Hanna | B14: 46076 | C14: 41 | D14: 59 | E14: 96 | F14: 47 | G14: =AVERAGE(C14:F14) -> 60.75 | H14: =VLOOKUP(G14,$K$2:$N$6,4) -> 2
A15: Juhász Levente | B15: 46032 | C15: 91 | D15: 66 | E15: 68 | F15: 71 | G15: =AVERAGE(C15:F15) -> 74 | H15: =VLOOKUP(G15,$K$2:$N$6,4) -> 4
A16: Mészáros Nóra | B16: 46146 | C16: 59 | D16: 76 | E16: 42 | F16: 93 | G16: =AVERAGE(C16:F16) -> 67.5 | H16: =VLOOKUP(G16,$K$2:$N$6,4) -> 3
A17: Oláh Ádám | B17: 46085 | C17: 97 | D17: 80 | E17: 64 | F17: 47 | G17: =AVERAGE(C17:F17) -> 72 | H17: =VLOOKUP(G17,$K$2:$N$6,4) -> 4
A18: Simon Boglárka | B18: 46136 | C18: 50 | D18: 44 | E18: 67 | F18: 79 | G18: =AVERAGE(C18:F18) -> 60 | H18: =VLOOKUP(G18,$K$2:$N$6,4) -> 2
... A31: Kádár Zoltán | B31: 46146 | C31: 52 | D31: 84 | E31: 58 | F31: 73 | G31: =AVERAGE(C31:F31) -> 66.75 | H31: =VLOOKUP(G31,$K$2:$N$6,4) -> 3

Sheet Összesítés
A1: Mutató | B1: Érték | D1: Hét | E1: Átlag pont
A2: Összes Pontszám | B2: =SUM(Hallgatók!C2:F31) -> 8231 | D2: 1.Hét | E2: =AVERAGE(Hallgatók!C2:C31) -> 72.566667
A3: Átlag Pontszám | B3: =AVERAGE(Hallgatók!G2:G31) -> 68.591667 | D3: 2.Hét | E3: =AVERAGE(Hallgatók!D2:D31) -> 66.833333
A4: 5-ösök száma | B4: =COUNTIF(Hallgatók!$H$2:$H$31,5) -> 2 | D4: 3.Hét | E4: =AVERAGE(Hallgatók!E2:E31) -> 69.066667
A5: 4-esek száma | B5: =COUNTIF(Hallgatók!$H$2:$H$31,4) -> 10 | D5: 4.Hét | E5: =AVERAGE(Hallgatók!F2:F31) -> 65.9
A6: 3-asok száma | B6: =COUNTIF(Hallgatók!$H$2:$H$31,3) -> 11
A7: 2-esek száma | B7: =COUNTIF(Hallgatók!$H$2:$H$31,2) -> 7
A8: 1-esek száma | B8: =COUNTIF(Hallgatók!$H$2:$H$31,1) -> 0
